{"RuleTriggered": 0, "Violations": 0, "Details": {"pin_memory": false, "num_workers": 4, "cores": 4, "dataloaders": 4, "dataloading_time": {"p25": 48.336611, "p50": 1197.165584, "p95": 1210.662065, "probs": [1, 0, 0, 24, 0, 0, 0, 0, 0, 0, 0, 0, 0, 0, 0, 0, 0, 0, 0, 0, 0, 0, 0, 0, 0, 0, 0, 0, 0, 0, 0, 0, 0, 0, 0, 0, 0, 0, 0, 0, 0, 0, 0, 0, 0, 0, 0, 0, 0, 0, 0, 0, 0, 0, 0, 0, 0, 0, 0, 0, 0, 0, 0, 0, 0, 0, 0, 0, 0, 0, 0, 0, 0, 0, 0, 0, 0, 0, 0, 0, 0, 0, 0, 0, 0, 0, 0, 0, 0, 0, 0, 0, 0, 0, 0, 0, 0, 0, 16, 12], "binedges": [2.132634, 14.217968729999999, 26.30330346, 38.38863819, 50.47397292, 62.55930765, 74.64464238, 86.72997711, 98.81531183999999, 110.90064656999999, 122.98598129999999, 135.07131603, 147.15665076, 159.24198549, 171.32732022, 183.41265495, 195.49798968, 207.58332441, 219.66865914, 231.75399387, 243.8393286, 255.92466333, 268.00999806, 280.09533279, 292.18066752, 304.26600225, 316.35133698, 328.43667171, 340.52200644, 352.60734117, 364.6926759, 376.77801063, 388.86334536, 400.94868009, 413.03401482, 425.11934955, 437.20468428, 449.29001901, 461.37535374, 473.46068847, 485.5460232, 497.63135793, 509.71669266, 521.80202739, 533.88736212, 545.97269685, 558.05803158, 570.14336631, 582.22870104, 594.31403577, 606.3993705, 618.48470523, 630.57003996, 642.65537469, 654.74070942, 666.82604415, 678.91137888, 690.99671361, 703.08204834, 715.16738307, 727.2527178, 739.33805253, 751.42338726, 763.50872199, 775.59405672, 787.67939145, 799.76472618, 811.85006091, 823.93539564, 836.02073037, 848.1060651, 860.19139983, 872.27673456, 884.36206929, 896.44740402, 908.53273875, 920.61807348, 932.70340821, 944.78874294, 956.87407767, 968.9594124, 981.04474713, 993.13008186, 1005.21541659, 1017.30075132, 1029.38608605, 1041.47142078, 1053.5567555100001, 1065.64209024, 1077.72742497, 1089.8127597, 1101.8980944300001, 1113.98342916, 1126.06876389, 1138.15409862, 1150.2394333500001, 1162.32476808, 1174.41010281, 1186.49543754, 1198.5807722700001, 1210.666107]}}, "Datapoints": 53, "RuleParameters": "min_threshold:70\nmax_threshold:200"}