{"RuleTriggered": 0, "Violations": 0, "Details": {"step_num": {"first": 1688866967350159, "last": 1688871956635824}, "job_start": 1688866860.001363, "job_end": 1688871959.001766}, "Datapoints": 427, "RuleParameters": "threshold:20"}