{"RuleTriggered": 0, "Violations": 0, "Details": {"ratio": {"cpu_functions": 100.0}, "phase": {"Step:ModeKeys.TRAIN": 53.91460459980644, "others": 40.6658309559432, "Step:ModeKeys.EVAL": 5.419564444250368}, "phase_time": {}, "CPU": {"aten::conv2d": 9.542880906315174, "aten::convolution": 9.542464121893222, "aten::_convolution": 9.542069921848812, "aten::mkldnn_convolution": 9.541156281120887, "aten::batch_norm": 2.4076342587350466, "aten::_batch_norm_impl_index": 2.407205155561706, "aten::native_batch_norm": 2.406529677360609, "NativeBatchNormBackward": 2.6186852668862617, "aten::native_batch_norm_backward": 2.6173692136130002, "MkldnnConvolutionBackward": 16.63822095877458, "aten::mkldnn_convolution_backward": 16.63744487743715, "aten::mkldnn_convolution_backward_input": 7.185583118875847, "aten::mkldnn_convolution_backward_weights": 8.912756241577695}, "CPU_total": {"aten::conv2d": 4647978, "aten::convolution": 4647775, "aten::_convolution": 4647583, "aten::mkldnn_convolution": 4647138, "aten::batch_norm": 1172668, "aten::_batch_norm_impl_index": 1172459, "aten::native_batch_norm": 1172130, "NativeBatchNormBackward": 1275463, "aten::native_batch_norm_backward": 1274822, "MkldnnConvolutionBackward": 8103851, "aten::mkldnn_convolution_backward": 8103473, "aten::mkldnn_convolution_backward_input": 3499827, "aten::mkldnn_convolution_backward_weights": 4341068}, "general": {"DataLoaderIterInitialize": 0.001805915479791104, "DataLoaderIter": 0.005770938133854815, "Forward": 5.812547636530563, "DataLoaderWorker": 94.17987550985579}}, "Datapoints": 0, "RuleParameters": ""}