{"RuleTriggered": 0, "Violations": 0, "Details": {"step_details": {"algo-1-27": {"step_stats": {"mean": 5.1228803175853015, "max": 11.279911, "p99": 7.169321799999999, "p95": 5.399, "p50": 5.091804, "min": 3.975645}, "number_of_outliers": 6, "phase": "Step:ModeKeys.TRAIN", "stddev": 0.46, "probs": [1, 0, 0, 1, 1, 0, 1, 0, 0, 0, 0, 0, 0, 0, 0, 0, 0, 0, 0, 0, 0, 0, 0, 0, 0, 0, 0, 1, 0, 4, 2, 2, 2, 3, 5, 2, 2, 1, 2, 1, 2, 1, 2, 0, 2, 9, 9, 10, 19, 27, 23, 25, 22, 27, 29, 26, 24, 22, 14, 9, 3, 6, 5, 6, 4, 2, 1, 2, 0, 0, 0, 1, 1, 2, 2, 1, 0, 0, 0, 0, 0, 0, 1, 0, 0, 1, 0, 0, 0, 0, 2, 0, 0, 0, 0, 0, 0, 0, 0, 2], "binedges": [3.975645, 3.99660529, 4.01756558, 4.03852587, 4.0594861600000005, 4.08044645, 4.10140674, 4.12236703, 4.14332732, 4.16428761, 4.1852479, 4.20620819, 4.2271684800000005, 4.24812877, 4.26908906, 4.29004935, 4.31100964, 4.33196993, 4.35293022, 4.37389051, 4.3948508, 4.41581109, 4.43677138, 4.45773167, 4.47869196, 4.4996522500000005, 4.52061254, 4.54157283, 4.56253312, 4.58349341, 4.6044537, 4.62541399, 4.64637428, 4.6673345699999995, 4.68829486, 4.70925515, 4.73021544, 4.75117573, 4.77213602, 4.79309631, 4.8140566, 4.83501689, 4.85597718, 4.87693747, 4.89789776, 4.91885805, 4.9398183399999995, 4.96077863, 4.98173892, 5.002699209999999, 5.0236595, 5.04461979, 5.06558008, 5.08654037, 5.1075006599999995, 5.12846095, 5.14942124, 5.17038153, 5.19134182, 5.2123021099999995, 5.2332624, 5.25422269, 5.27518298, 5.29614327, 5.31710356, 5.33806385, 5.35902414, 5.37998443, 5.40094472, 5.42190501, 5.442865299999999, 5.46382559, 5.48478588, 5.50574617, 5.52670646, 5.547666749999999, 5.56862704, 5.58958733, 5.61054762, 5.63150791, 5.6524681999999995, 5.67342849, 5.69438878, 5.71534907, 5.73630936, 5.75726965, 5.778229939999999, 5.79919023, 5.820150519999999, 5.84111081, 5.8620711, 5.883031389999999, 5.90399168, 5.9249519699999995, 5.94591226, 5.96687255, 5.987832839999999, 6.00879313, 6.02975342, 6.05071371, 6.071674], "step_numbers": ["0", "1", "9", "88", "176", "264"]}}}, "Datapoints": 427, "RuleParameters": "threshold:3\nmode:None\nn_outliers:10\nstddev:3"}